Plant,Cluster,SubCluster,TruckType,PercShare
1150/1180,N4,N4,32 MA,200
1150/1180,N4,N4,32 SA,50
1150/1180,N5,N5,32 MA,125
1150/1180,N5,N5,32 SA,20
1150/1180,N6,N6,32 MA,110
1150/1180,N6,N6,32 SA,20
1150/1180,W3,W3,32 MA,98
1150/1180,W3,W3_1,32 MA,40
1150/1180,W4,W4,32 MA,85
1150/1180,E3,E3,32 MA,107
1150/1180,E4,E4,32 MA,122
1150/1180,S,S,18 FT,445
1150/1180,S,S,32 MA,102

